sample_name,genome_name,asset_group_name,fasta_file_path
yeast_s288c,yeast_s288c,fasta,yeast_s288c_fa
yeast_s288c,yeast_s288c,fasta_index,yeast_s288c_fa
yeast_s288c,yeast_s288c,bwa_index,yeast_s288c_fa
yeast_s288c,yeast_s288c,bowtie2_index,yeast_s288c_fa
yeast_s288c,yeast_s288c,hisat2_index,yeast_s288c_fa
yeast_s288c,yeast_s288c,suffixerator_index,yeast_s288c_fa
hg38,hg38,fasta,hg38_fa
hg38,hg38,fasta_index,hg38_fa
hg38,hg38,bwa_index,hg38_fa
hg38,hg38,bowtie2_index,hg38_fa
hg38,hg38,hisat2_index,hg38_fa
hg38,hg38,suffixerator_index,hg38_fa
hg38_initial,hg38_initial,fasta,hg38_initial_fa
hg38_initial,hg38_initial,fasta_index,hg38_initial_fa
hg38_initial,hg38_initial,bwa_index,hg38_initial_fa
hg38_initial,hg38_initial,bowtie2_index,hg38_initial_fa
hg38_initial,hg38_initial,hisat2_index,hg38_initial_fa
hg38_initial,hg38_initial,suffixerator_index,hg38_initial_fa
mm39,mm39,fasta,mm39_fa
mm39,mm39,fasta_index,mm39_fa
mm39,mm39,bwa_index,mm39_fa
mm39,mm39,bowtie2_index,mm39_fa
mm39,mm39,hisat2_index,mm39_fa
mm39,mm39,suffixerator_index,mm39_fa
spombe,spombe,fasta,spombe_fa
spombe,spombe,fasta_index,spombe_fa
spombe,spombe,bwa_index,spombe_fa
spombe,spombe,bowtie2_index,spombe_fa
spombe,spombe,hisat2_index,spombe_fa
spombe,spombe,suffixerator_index,spombe_fa
celegans,celegans,fasta,celegans_fa
celegans,celegans,fasta_index,celegans_fa
celegans,celegans,bwa_index,celegans_fa
celegans,celegans,bowtie2_index,celegans_fa
celegans,celegans,hisat2_index,celegans_fa
celegans,celegans,suffixerator_index,celegans_fa
athaliana,athaliana,fasta,athaliana_fa
athaliana,athaliana,fasta_index,athaliana_fa
athaliana,athaliana,bwa_index,athaliana_fa
athaliana,athaliana,bowtie2_index,athaliana_fa
athaliana,athaliana,hisat2_index,athaliana_fa
athaliana,athaliana,suffixerator_index,athaliana_fa
dmelanogaster,dmelanogaster,fasta,dmelanogaster_fa
dmelanogaster,dmelanogaster,fasta_index,dmelanogaster_fa
dmelanogaster,dmelanogaster,bwa_index,dmelanogaster_fa
dmelanogaster,dmelanogaster,bowtie2_index,dmelanogaster_fa
dmelanogaster,dmelanogaster,hisat2_index,dmelanogaster_fa
dmelanogaster,dmelanogaster,suffixerator_index,dmelanogaster_fa
hg18,hg18,fasta,hg18_fa
hg18,hg18,fasta_index,hg18_fa
hg18,hg18,bwa_index,hg18_fa
hg18,hg18,bowtie2_index,hg18_fa
hg18,hg18,hisat2_index,hg18_fa
hg18,hg18,suffixerator_index,hg18_fa
hg19,hg19,fasta,hg19_fa
hg19,hg19,fasta_index,hg19_fa
hg19,hg19,bwa_index,hg19_fa
hg19,hg19,bowtie2_index,hg19_fa
hg19,hg19,hisat2_index,hg19_fa
hg19,hg19,suffixerator_index,hg19_fa
mm10,mm10,fasta,mm10_fa
mm10,mm10,fasta_index,mm10_fa
mm10,mm10,bwa_index,mm10_fa
mm10,mm10,bowtie2_index,mm10_fa
mm10,mm10,hisat2_index,mm10_fa
mm10,mm10,suffixerator_index,mm10_fa
rn6,rn6,fasta,rn6_fa
rn6,rn6,fasta_index,rn6_fa
rn6,rn6,bwa_index,rn6_fa
rn6,rn6,bowtie2_index,rn6_fa
rn6,rn6,hisat2_index,rn6_fa
rn6,rn6,suffixerator_index,rn6_fa
hg38_chr22,hg38_chr22,fasta,hg38_chr22_fa
hg38_chr22,hg38_chr22,fasta_index,hg38_chr22_fa
hg38_chr22,hg38_chr22,bwa_index,hg38_chr22_fa
hg38_chr22,hg38_chr22,bowtie2_index,hg38_chr22_fa
hg38_chr22,hg38_chr22,hisat2_index,hg38_chr22_fa
hg38_chr22,hg38_chr22,suffixerator_index,hg38_chr22_fa
hg38_noalt_decoy,hg38_noalt_decoy,fasta,hg38_noalt_decoy_fa
hg38_noalt_decoy,hg38_noalt_decoy,fasta_index,hg38_noalt_decoy_fa
hg38_noalt_decoy,hg38_noalt_decoy,bwa_index,hg38_noalt_decoy_fa
hg38_noalt_decoy,hg38_noalt_decoy,bowtie2_index,hg38_noalt_decoy_fa
hg38_noalt_decoy,hg38_noalt_decoy,hisat2_index,hg38_noalt_decoy_fa
hg38_noalt_decoy,hg38_noalt_decoy,suffixerator_index,hg38_noalt_decoy_fa
hs38d1,hs38d1,fasta,hs38d1_fa
hs38d1,hs38d1,fasta_index,hs38d1_fa
hs38d1,hs38d1,bwa_index,hs38d1_fa
hs38d1,hs38d1,bowtie2_index,hs38d1_fa
hs38d1,hs38d1,hisat2_index,hs38d1_fa
hs38d1,hs38d1,suffixerator_index,hs38d1_fa
human_alphasat,human_alphasat,fasta,human_alphasat_fa
human_alphasat,human_alphasat,fasta_index,human_alphasat_fa
human_alphasat,human_alphasat,bwa_index,human_alphasat_fa
human_alphasat,human_alphasat,bowtie2_index,human_alphasat_fa
human_alphasat,human_alphasat,hisat2_index,human_alphasat_fa
human_alphasat,human_alphasat,suffixerator_index,human_alphasat_fa
human_alu,human_alu,fasta,human_alu_fa
human_alu,human_alu,fasta_index,human_alu_fa
human_alu,human_alu,bwa_index,human_alu_fa
human_alu,human_alu,bowtie2_index,human_alu_fa
human_alu,human_alu,hisat2_index,human_alu_fa
human_alu,human_alu,suffixerator_index,human_alu_fa
human_rDNA,human_rDNA,fasta,human_rDNA_fa
human_rDNA,human_rDNA,fasta_index,human_rDNA_fa
human_rDNA,human_rDNA,bwa_index,human_rDNA_fa
human_rDNA,human_rDNA,bowtie2_index,human_rDNA_fa
human_rDNA,human_rDNA,hisat2_index,human_rDNA_fa
human_rDNA,human_rDNA,suffixerator_index,human_rDNA_fa
human_repeats,human_repeats,fasta,human_repeats_fa
human_repeats,human_repeats,fasta_index,human_repeats_fa
human_repeats,human_repeats,bwa_index,human_repeats_fa
human_repeats,human_repeats,bowtie2_index,human_repeats_fa
human_repeats,human_repeats,hisat2_index,human_repeats_fa
human_repeats,human_repeats,suffixerator_index,human_repeats_fa
mouse_chrM2x,mouse_chrM2x,fasta,mouse_chrM2x_fa
mouse_chrM2x,mouse_chrM2x,fasta_index,mouse_chrM2x_fa
mouse_chrM2x,mouse_chrM2x,bwa_index,mouse_chrM2x_fa
mouse_chrM2x,mouse_chrM2x,bowtie2_index,mouse_chrM2x_fa
mouse_chrM2x,mouse_chrM2x,hisat2_index,mouse_chrM2x_fa
mouse_chrM2x,mouse_chrM2x,suffixerator_index,mouse_chrM2x_fa
rCRSd,rCRSd,fasta,rCRSd_fa
rCRSd,rCRSd,fasta_index,rCRSd_fa
rCRSd,rCRSd,bwa_index,rCRSd_fa
rCRSd,rCRSd,bowtie2_index,rCRSd_fa
rCRSd,rCRSd,hisat2_index,rCRSd_fa
dm6,dm6,fasta,dm6_fa
dm6,dm6,fasta_index,dm6_fa
dm6,dm6,bwa_index,dm6_fa
dm6,dm6,bowtie2_index,dm6_fa
dm6,dm6,hisat2_index,dm6_fa
hg38_mm10,hg38_mm10,fasta,hg38_mm10_fa
hg38_mm10,hg38_mm10,fasta_index,hg38_mm10_fa
hg38_mm10,hg38_mm10,bwa_index,hg38_mm10_fa
hg38_mm10,hg38_mm10,bowtie2_index,hg38_mm10_fa
hg38_primary,hg38_primary,fasta,hg38_primary_fa
hg38_primary,hg38_primary,fasta_index,hg38_primary_fa
hg38_primary,hg38_primary,bwa_index,hg38_primary_fa
hg38_primary,hg38_primary,bowtie2_index,hg38_primary_fa
mm10_primary,mm10_primary,fasta,mm10_primary_fa
mm10_primary,mm10_primary,fasta_index,mm10_primary_fa
mm10_primary,mm10_primary,bwa_index,mm10_primary_fa
mm10_primary,mm10_primary,bowtie2_index,mm10_primary_fa
t7,t7,fasta,t7_fa
t7,t7,fasta_index,t7_fa
t7,t7,bowtie2_index,t7_fa
